chrom1,start1,end1,chrom2,start2,end2,svclass
1,45955297,45955298,3,176966192,176966193,translocation
1,54431760,54431761,17,57469882,57469883,translocation
1,152104266,152104267,X,89128188,89128189,translocation
2,15611909,15611910,14,66545600,66545601,translocation
2,15611948,15611949,14,66545307,66545308,translocation
3,22279557,22279558,11,25901892,25901893,translocation
3,176966192,176966193,1,45955297,45955298,translocation
4,21200567,21200568,6,67648270,67648271,translocation
6,67648270,67648271,4,21200567,21200568,translocation
6,70153647,70153648,7,120983373,120983374,translocation
7,120983373,120983374,6,70153647,70153648,translocation
9,14860593,14860594,X,57716041,57716042,translocation
9,90280999,90281000,11,25222836,25222837,translocation
10,78133872,78133873,17,38413655,38413656,translocation
10,84215285,84215286,18,66601178,66601179,translocation
11,25222836,25222837,9,90280999,90281000,translocation
11,25901892,25901893,3,22279557,22279558,translocation
12,11021352,11021353,12,11122222,11122223,tandem-duplication
12,132157357,132157358,12,132157018,132157019,deletion
14,66545307,66545308,2,15611948,15611949,translocation
14,66545600,66545601,2,15611909,15611910,translocation
17,20589006,20589007,19,47419594,47419595,translocation
17,31898296,31898297,19,10061447,10061448,translocation
17,38413655,38413656,10,78133872,78133873,translocation
17,46135319,46135320,17,46292269,46292270,tandem-duplication
17,57469882,57469883,1,54431760,54431761,translocation
17,62946321,62946322,17,62946024,62946025,deletion
17,63863373,63863374,17,63901785,63901786,tandem-duplication
18,66577745,66577746,18,66601813,66601814,tandem-duplication
18,66601178,66601179,10,84215285,84215286,translocation
19,10061447,10061448,17,31898296,31898297,translocation
19,47419594,47419595,17,20589006,20589007,translocation
21,46048001,46048002,21,46047923,46047924,deletion
X,57716041,57716042,9,14860593,14860594,translocation
X,89128188,89128189,1,152104266,152104267,translocation
